URL 	Last Mod		Priority	
https://art-sei.com/	2022-01-10T05:25:05+00:00	1.00
https://art-sei.com/index.html	2022-01-10T05:25:05+00:00	0.80
https://art-sei.com/CONTENTS/ARTLOG/ARTLOG.html	2018-03-16T14:56:04+00:00	0.80
https://art-sei.com/CONTENTS/COLLECTION/COLLECTION.html	2019-06-15T15:50:34+00:00	0.80
https://art-sei.com/CONTENTS/DIALY/DIALY.html	2022-02-11T13:40:28+00:00	0.80
https://art-sei.com/CONTENTS/CONTACT/CONTACT.html	2021-11-26T08:59:35+00:00	0.80
https://art-sei.com/CONTENTS/SERVICE/service.html	2016-12-26T14:29:26+00:00	0.80
https://art-sei.com/ATTE.html	2022-02-11T13:49:04+00:00	0.80
https://art-sei.com/CONTENTS/ARTLOG/ARTLOG-PROCESS.html	2015-07-22T07:12:18+00:00	0.64
https://art-sei.com/CONTENTS/ARTLOG/TUJII%20K/tujii%20k.htm	2015-07-23T03:46:51+00:00	0.64
https://art-sei.com/CONTENTS/ARTLOG/YASUI%20H/YASUI%20H.htm	2015-07-23T03:46:44+00:00	0.64
https://art-sei.com/CONTENTS/ARTLOG/KAWAI%20K/kawai%20K.htm	2015-08-16T07:49:46+00:00	0.64
https://art-sei.com/CONTENTS/ARTLOG/OKUDA/OKUDA.htm	2015-07-23T03:47:28+00:00	0.64
https://art-sei.com/CONTENTS/ARTLOG/KAWAI%20H/kawai%20H.htm	2015-07-23T04:10:56+00:00	0.64
https://art-sei.com/CONTENTS/ARTLOG/KAWAI%20S/kawai%20S.htm	2015-07-23T04:09:11+00:00	0.64
https://art-sei.com/CONTENTS/ARTLOG/NISHI%20K/NISHI%20K.htm	2015-07-23T04:01:31+00:00	0.64
https://art-sei.com/CONTENTS/ARTLOG/NISHI%20Y/NISHI%20Y.htm	2015-07-23T03:59:54+00:00	0.64
https://art-sei.com/CONTENTS/ARTLOG/KURIBAYASHI/KURIBAYASHI.htm	2015-07-23T04:05:34+00:00	0.64
https://art-sei.com/CONTENTS/ARTLOG/YOSHIKO%20S/YOSHIKO.htm	2015-07-23T03:50:24+00:00	0.64
https://art-sei.com/CONTENTS/ARTLOG/OKAMOTO/OKAMOTO.htm	2015-07-23T03:55:36+00:00	0.64
https://art-sei.com/CONTENTS/ARTLOG/HONDA/HONDA.htm	2020-07-09T04:27:41+00:00	0.64
https://art-sei.com/CONTENTS/ARTLOG/MASAOKA/MASAKA.htm	2013-05-17T12:57:13+00:00	0.64
https://art-sei.com/CONTENTS/ARTLOG/YAMAMOTO/TETUYA.htm	2015-07-23T03:53:06+00:00	0.64
https://art-sei.com/CONTENTS/ARTLOG/KUNIYOSHI/KUNIYOSHI.htm	2015-07-23T04:07:11+00:00	0.64
https://art-sei.com/CONTENTS/ARTLOG/KANOU/KANOU.htm	2020-07-09T05:48:21+00:00	0.64
https://art-sei.com/CONTENTS/ARTLOG/IKEGAMI%20R/IKEGAMI.html	2020-07-09T05:13:21+00:00	0.64
https://art-sei.com/CONTENTS/ARTLOG/KOUCHAN/KOUCHAN.html	2012-06-09T14:08:15+00:00	0.64
https://art-sei.com/CONTENTS/ARTLOG/NISHIKAWA.H/NISHIKAWA.H.html	2012-06-25T15:57:26+00:00	0.64
https://art-sei.com/CONTENTS/ARTLOG/KUNISADA/KUNISADA.html	2012-09-09T07:57:21+00:00	0.64
https://art-sei.com/CONTENTS/ARTLOG/MONTA/MONTA.html	2012-06-09T14:19:23+00:00	0.64
https://art-sei.com/CONTENTS/ARTLOG/ARAKI/ARAKI.html	2020-07-09T04:58:18+00:00	0.64
https://art-sei.com/CONTENTS/ARTLOG/YASUOKA/YASUOKA.html	2015-07-23T03:56:59+00:00	0.64
https://art-sei.com/CONTENTS/ARTLOG/OKABAYASHI/TUKASA.OKABAYASHI.html	2012-06-09T15:16:18+00:00	0.64
https://art-sei.com/CONTENTS/ARTLOG/KANJI/ARTLOG.MR.KANJI.html	2020-07-09T05:23:11+00:00	0.64
https://art-sei.com/CONTENTS/COLLECTION/PAINTS.html	2019-06-15T15:52:36+00:00	0.64
https://art-sei.com/CONTENTS/COLLECTION/DRAMATIC.html	2019-06-15T15:51:00+00:00	0.64
https://art-sei.com/CONTENTS/COLLECTION/MATERIAL.html	2019-06-15T15:52:14+00:00	0.64
https://art-sei.com/CONTENTS/COLLECTION/EXHIBITION-TOP.htm	2019-06-15T15:51:42+00:00	0.64
https://art-sei.com/IMAGE/CONTACT/artscape%20kobuki%20yart%20.pdf	2018-05-21T15:13:30+00:00	0.64
https://art-sei.com/CONTENTS/SERVICE/HERA.html	2014-05-15T15:28:56+00:00	0.64
https://art-sei.com/CONTENTS/GALLERY/GALLERY.html	2008-06-13T06:37:19+00:00	0.64
https://art-sei.com/CONTENTS/COLLECTION/EXHIBITION/2018%20fausto/EXHIBITION2018-P.htm	2018-05-29T08:29:36+00:00	0.64
https://art-sei.com/CONTENTS/COLLECTION/LIVE.html	2015-02-24T05:57:22+00:00	0.64
https://art-sei.com/CONTENTS/ARTLOG/KYOTANI/KYOTANI.htm	2018-03-16T14:55:20+00:00	0.64
https://art-sei.com/CONTENTS/COLLECTION/EXHIBITION/GASOLINE-GAIYOU.A.html	2009-06-14T16:30:21+00:00	0.64
https://art-sei.com/IMAGE/TOP/INTERVIEW.pdf	2008-01-03T10:51:05+00:00	0.64
https://art-sei.com/IMAGE/TOP/INTERVIEW-F.pdf	2008-01-03T10:50:50+00:00	0.64
https://art-sei.com/CONTENTS/ARTLOG/TUJII%20K/tujii%20k02.htm	2015-07-23T03:46:52+00:00	0.51
https://art-sei.com/CONTENTS/ARTLOG/TUJII%20K/tujii%20k03.htm	2015-07-23T03:46:52+00:00	0.51
https://art-sei.com/CONTENTS/ARTLOG/YASUI%20H/YASUI%20H02.htm	2015-07-23T03:46:44+00:00	0.51
https://art-sei.com/CONTENTS/ARTLOG/YASUI%20H/YASUI%20H03.htm	2015-07-23T03:46:45+00:00	0.51
https://art-sei.com/CONTENTS/ARTLOG/KAWAI%20K/kawai%20K02.htm	2015-08-16T07:49:47+00:00	0.51
https://art-sei.com/CONTENTS/ARTLOG/KAWAI%20K/kawai%20K03.htm	2015-08-16T07:49:48+00:00	0.51
https://art-sei.com/CONTENTS/ARTLOG/OKUDA/OKUDA%2002.htm	2015-07-23T03:47:27+00:00	0.51
https://art-sei.com/CONTENTS/ARTLOG/OKUDA/OKUDA%2003.htm	2015-07-23T03:47:28+00:00	0.51
https://art-sei.com/CONTENTS/ARTLOG/OKUDA/OKUDA%2004.htm	2015-07-23T03:47:28+00:00	0.51
https://art-sei.com/CONTENTS/ARTLOG/KAWAI%20H/kawai%20H02.htm	2015-07-23T04:10:57+00:00	0.51
https://art-sei.com/CONTENTS/ARTLOG/KAWAI%20H/kawai%20H03.htm	2015-07-23T04:10:57+00:00	0.51
https://art-sei.com/CONTENTS/ARTLOG/KAWAI%20S/kawai%20S02.htm	2015-07-23T04:09:11+00:00	0.51
https://art-sei.com/CONTENTS/ARTLOG/KAWAI%20S/kawai%20S03.htm	2015-07-23T04:09:12+00:00	0.51
https://art-sei.com/CONTENTS/ARTLOG/NISHI%20K/NISHI%20K02.htm	2015-07-23T04:01:31+00:00	0.51
https://art-sei.com/CONTENTS/ARTLOG/NISHI%20K/NISHI%20K03.htm	2015-07-23T04:01:31+00:00	0.51
https://art-sei.com/CONTENTS/ARTLOG/NISHI%20Y/NISHI%20Y02.htm	2015-07-23T03:59:55+00:00	0.51
https://art-sei.com/CONTENTS/ARTLOG/NISHI%20Y/NISHI%20Y03.htm	2015-07-23T03:59:55+00:00	0.51
https://art-sei.com/CONTENTS/ARTLOG/KURIBAYASHI/KURIBAYASHI%2002.htm	2015-07-23T04:05:34+00:00	0.51
https://art-sei.com/CONTENTS/ARTLOG/KURIBAYASHI/KURIBAYASHI%2003.htm	2015-07-23T04:05:34+00:00	0.51
https://art-sei.com/CONTENTS/ARTLOG/YOSHIKO%20S/YOSHIKO%2002.htm	2015-07-23T03:50:24+00:00	0.51
https://art-sei.com/CONTENTS/ARTLOG/YOSHIKO%20S/YOSHIKO%2003.htm	2015-07-23T03:50:24+00:00	0.51
https://art-sei.com/CONTENTS/ARTLOG/OKAMOTO/OKAMOTO%2002.htm	2015-07-23T03:55:36+00:00	0.51
https://art-sei.com/CONTENTS/ARTLOG/OKAMOTO/OKAMOTO%2003.htm	2015-07-23T03:55:36+00:00	0.51
https://art-sei.com/CONTENTS/ARTLOG/HONDA/HONDA%2002.htm	2015-07-23T04:22:34+00:00	0.51
https://art-sei.com/CONTENTS/ARTLOG/HONDA/HONDA%2003.htm	2015-07-23T04:22:35+00:00	0.51
https://art-sei.com/CONTENTS/ARTLOG/MASAOKA/MASAKA02.htm	2013-05-17T12:57:13+00:00	0.51
https://art-sei.com/CONTENTS/ARTLOG/MASAOKA/MASAKA03.htm	2013-05-17T12:57:13+00:00	0.51
https://art-sei.com/CONTENTS/ARTLOG/YAMAMOTO/TETUYA02.htm	2015-07-23T03:53:06+00:00	0.51
https://art-sei.com/CONTENTS/ARTLOG/YAMAMOTO/TETUYA03.htm	2015-07-23T03:53:06+00:00	0.51
https://art-sei.com/CONTENTS/ARTLOG/KUNIYOSHI/KUNIYOSHI02.htm	2015-07-23T04:07:11+00:00	0.51
https://art-sei.com/CONTENTS/ARTLOG/KUNIYOSHI/KUNIYOSHI03.htm	2015-07-23T04:07:11+00:00	0.51
https://art-sei.com/CONTENTS/ARTLOG/KANOU/KANOU02.htm	2020-05-22T06:10:01+00:00	0.51
https://art-sei.com/CONTENTS/ARTLOG/KANOU/KANOU03.htm	2020-05-22T06:09:48+00:00	0.51
https://art-sei.com/CONTENTS/ARTLOG/IKEGAMI%20R/IKEGAMI02.html	2015-07-23T04:29:03+00:00	0.51
https://art-sei.com/CONTENTS/ARTLOG/IKEGAMI%20R/IKEGAMI03.html	2015-07-23T04:29:03+00:00	0.51
https://art-sei.com/CONTENTS/ARTLOG/KOUCHAN/KOUCHAN02.html	2012-06-09T14:08:02+00:00	0.51
https://art-sei.com/CONTENTS/ARTLOG/KOUCHAN/KOUCHAN03.html	2012-06-09T14:07:37+00:00	0.51
https://art-sei.com/CONTENTS/ARTLOG/NISHIKAWA.H/NISHIKAWA.H02.html	2012-06-25T15:57:27+00:00	0.51
https://art-sei.com/CONTENTS/ARTLOG/NISHIKAWA.H/NISHIKAWA.H03.html	2012-06-25T15:57:28+00:00	0.51
https://art-sei.com/CONTENTS/ARTLOG/KUNISADA/KUNISADA02.html	2012-09-09T07:57:22+00:00	0.51
https://art-sei.com/CONTENTS/ARTLOG/KUNISADA/KUNISADA03.html	2012-09-09T07:57:23+00:00	0.51
https://art-sei.com/CONTENTS/ARTLOG/MONTA/MONTA04.html	2012-06-09T14:17:25+00:00	0.51
https://art-sei.com/CONTENTS/ARTLOG/MONTA/MONTA05.html	2012-06-09T14:15:08+00:00	0.51
https://art-sei.com/CONTENTS/ARTLOG/ARAKI/ARAKI%2002.html	2012-06-09T14:04:26+00:00	0.51
https://art-sei.com/CONTENTS/ARTLOG/ARAKI/ARAKI%2004.html	2012-06-09T14:06:14+00:00	0.51
https://art-sei.com/CONTENTS/ARTLOG/YASUOKA/YASUOKA02.html	2015-07-23T03:56:59+00:00	0.51
https://art-sei.com/CONTENTS/ARTLOG/YASUOKA/YASUOKA03.html	2015-07-23T03:57:00+00:00	0.51
https://art-sei.com/CONTENTS/ARTLOG/YASUOKA/YASUOKA04.html	2015-07-23T03:57:00+00:00	0.51
https://art-sei.com/CONTENTS/ARTLOG/OKABAYASHI/TUKASA.OKABAYASHI%2003.html	2012-06-09T15:16:02+00:00	0.51
https://art-sei.com/CONTENTS/ARTLOG/KANJI/ARTLOG.MR.KANJI03.html	2012-06-09T15:10:57+00:00	0.51
https://art-sei.com/CONTENTS/ARTLOG/KANJI/ARTLOG.MR.KANJI04.html	2012-06-09T15:10:58+00:00	0.51
https://art-sei.com/CONTENTS/COLLECTION/EXHIBITION/2017%20y-art/EXHIBITION2017-P.htm	2018-05-29T07:58:55+00:00	0.51
https://art-sei.com/CONTENTS/COLLECTION/EXHIBITION/2018%20fausto/EXHIBITION2018-W.htm	2018-05-29T08:08:43+00:00	0.51
https://art-sei.com/CONTENTS/COLLECTION/MOVIE.html	2011-03-31T01:03:40+00:00	0.51
https://art-sei.com/CONTENTS/COLLECTION/EXHIBITION/GASOLINE-GAZOU.html	2009-06-12T05:52:50+00:00	0.51
https://art-sei.com/CONTENTS/COLLECTION/EXHIBITION/GASOLINE-CAPTION.html	2009-06-12T17:07:29+00:00	0.51
https://art-sei.com/CONTENTS/COLLECTION/EXHIBITION/GASOLINE-GAIYOU.B.html	2009-06-18T15:15:35+00:00	0.51
https://art-sei.com/CONTENTS/COLLECTION/EXHIBITION/GASOLINE-GAIYOU.C.html	2009-06-12T05:46:55+00:00	0.51
https://art-sei.com/CONTENTS/COLLECTION/EXHIBITION/2017%20y-art/EXHIBITION2017-W.htm	2018-05-29T07:58:57+00:00	0.41
https://art-sei.com/CONTENTS/COLLECTION/EXHIBITION/CASO-GAZOU.html	2008-07-08T12:32:46+00:00	0.41
https://art-sei.com/CONTENTS/COLLECTION/EXHIBITION/CASO-GAIYOU.html	2008-07-08T12:32:33+00:00	0.33
https://art-sei.com/CONTENTS/COLLECTION/EXHIBITION/CASO-CAPTION.html	2008-07-08T12:32:40+00:00	0.33